{
  "selected_edges": [
    3,
    4,
    6,
    18,
    22,
    25,
    28
  ],
  "edge_nodes": {
    "3": [
      0,
      3,
      9,
      10,
      13,
      20,
      21,
      23,
      24,
      28
    ],
    "4": [
      2,
      5,
      7,
      11,
      16,
      26
    ],
    "6": [
      1,
      4,
      6,
      12,
      14,
      15,
      17,
      19,
      22,
      27
    ],
    "18": [
      18
    ],
    "22": [
      8
    ],
    "25": [
      25
    ],
    "28": [
      29
    ]
  },
  "node_edge": {
    "0": 3,
    "3": 3,
    "9": 3,
    "10": 3,
    "13": 3,
    "20": 3,
    "21": 3,
    "23": 3,
    "24": 3,
    "28": 3,
    "2": 4,
    "5": 4,
    "7": 4,
    "11": 4,
    "16": 4,
    "26": 4,
    "1": 6,
    "4": 6,
    "6": 6,
    "12": 6,
    "14": 6,
    "15": 6,
    "17": 6,
    "19": 6,
    "22": 6,
    "27": 6,
    "18": 18,
    "8": 22,
    "25": 25,
    "29": 28
  },
  "edge_data_sizes": {
    "3": 1800,
    "4": 1080,
    "6": 1800,
    "18": 180,
    "22": 180,
    "25": 180,
    "28": 180
  },
  "plan_history": [
    {
      "cloud_round": 0,
      "reason": "warmup",
      "planning_signal": "shapley",
      "gamma_t": 2800.0,
      "phi_raw": {
        "0": -0.0013020833333333333,
        "1": -0.0029296875,
        "2": 0.0,
        "3": -0.006510416666666667,
        "4": -0.0029296875,
        "5": -0.00703125,
        "6": 0.0,
        "7": 0.0029296875,
        "8": 0.0,
        "9": -0.00234375,
        "10": 0.0015625,
        "11": 0.0026041666666666665,
        "12": -0.009375,
        "13": 0.001953125,
        "14": 0.0,
        "15": -0.0087890625,
        "16": 0.0,
        "17": -0.0013020833333333333,
        "18": -0.0048828125,
        "19": 0.001953125,
        "20": -0.0029296875,
        "21": 0.0,
        "22": -0.001953125,
        "23": -0.00390625,
        "24": -0.00078125,
        "25": -0.00390625,
        "26": 0.00234375,
        "27": -0.0078125,
        "28": -0.0015625,
        "29": -0.005859375
      },
      "phi": {
        "0": 0.6560849999999999,
        "1": 0.52381,
        "2": 0.761905,
        "3": 0.23280499999999993,
        "4": 0.52381,
        "5": 0.19047699999999995,
        "6": 0.761905,
        "7": 1.0,
        "8": 0.761905,
        "9": 0.571429,
        "10": 0.888889,
        "11": 0.9735449999999999,
        "12": 1e-06,
        "13": 0.920635,
        "14": 0.761905,
        "15": 0.047619999999999975,
        "16": 0.761905,
        "17": 0.6560849999999999,
        "18": 0.3650799999999999,
        "19": 0.920635,
        "20": 0.52381,
        "21": 0.761905,
        "22": 0.603175,
        "23": 0.444445,
        "24": 0.698413,
        "25": 0.444445,
        "26": 0.952381,
        "27": 0.12698499999999996,
        "28": 0.6349210000000001,
        "29": 0.28571499999999994
      },
      "objective_value": -4513.151191322679,
      "cost_cap_triggered": false,
      "candidate_per_round_cost_gb": 0.4163101557201618,
      "edge_balance_deficit": 0.2170801511228042,
      "gamma_next": 2800.0,
      "edge_min_members": 0,
      "edge_underfill_penalty": 0.0,
      "selected_edges": [
        0,
        3,
        5,
        6,
        15,
        16,
        19,
        22,
        26
      ],
      "edge_nodes": {
        "0": [
          11
        ],
        "3": [
          2,
          12,
          15,
          27
        ],
        "5": [
          1,
          3,
          4,
          5,
          6,
          18,
          20,
          23,
          25,
          29
        ],
        "6": [
          7
        ],
        "15": [
          13
        ],
        "16": [
          0,
          8,
          9,
          14,
          16,
          17,
          21,
          22,
          24,
          28
        ],
        "19": [
          19
        ],
        "22": [
          10
        ],
        "26": [
          26
        ]
      }
    },
    {
      "cloud_round": 7,
      "reason": "drift@7",
      "planning_signal": "shapley",
      "gamma_t": 577.1006467905377,
      "phi_raw": {
        "0": -0.0078125,
        "1": 0.0,
        "2": -0.010416666666666666,
        "3": -0.00390625,
        "4": -0.0029296875,
        "5": 0.0013020833333333333,
        "6": -0.0013020833333333333,
        "7": -0.016927083333333332,
        "8": 0.003125,
        "9": -0.0048828125,
        "10": 0.0009765625,
        "11": -0.0126953125,
        "12": -0.001953125,
        "13": -0.0078125,
        "14": -0.0032552083333333335,
        "15": -0.001953125,
        "16": -0.0015625,
        "17": -0.0026041666666666665,
        "18": 0.00390625,
        "19": -0.0013020833333333333,
        "20": -0.0009765625,
        "21": -0.00625,
        "22": -0.001953125,
        "23": -0.0048828125,
        "24": -0.0078125,
        "25": 0.0013020833333333333,
        "26": -0.009765625,
        "27": -0.00390625,
        "28": -0.0048828125,
        "29": 0.0013020833333333333
      },
      "phi": {
        "0": 0.43750056249999997,
        "1": 0.8125001875000001,
        "2": 0.3125006875,
        "3": 0.625000375,
        "4": 0.671875328125,
        "5": 0.875000125,
        "6": 0.7500002499999999,
        "7": 1e-06,
        "8": 0.9625000374999999,
        "9": 0.5781254218749999,
        "10": 0.859375140625,
        "11": 0.20312579687499996,
        "12": 0.71875028125,
        "13": 0.43750056249999997,
        "14": 0.65625034375,
        "15": 0.71875028125,
        "16": 0.7375002625,
        "17": 0.6875003125,
        "18": 1.0,
        "19": 0.7500002499999999,
        "20": 0.765625234375,
        "21": 0.5125004875,
        "22": 0.71875028125,
        "23": 0.5781254218749999,
        "24": 0.43750056249999997,
        "25": 0.875000125,
        "26": 0.34375065624999995,
        "27": 0.625000375,
        "28": 0.5781254218749999,
        "29": 0.875000125
      },
      "objective_value": -976.2372856296702,
      "cost_cap_triggered": false,
      "candidate_per_round_cost_gb": 0.3372568046374586,
      "edge_balance_deficit": 0.11299165284911418,
      "gamma_next": 577.1006467905377,
      "edge_min_members": 0,
      "edge_underfill_penalty": 0.0,
      "selected_edges": [
        3,
        4,
        6,
        18,
        22,
        25,
        28
      ],
      "edge_nodes": {
        "3": [
          0,
          3,
          9,
          10,
          13,
          20,
          21,
          23,
          24,
          28
        ],
        "4": [
          2,
          5,
          7,
          11,
          16,
          26
        ],
        "6": [
          1,
          4,
          6,
          12,
          14,
          15,
          17,
          19,
          22,
          27
        ],
        "18": [
          18
        ],
        "22": [
          8
        ],
        "25": [
          25
        ],
        "28": [
          29
        ]
      }
    }
  ]
}