{
  "planning_objective": "paper",
  "target_accuracy": null,
  "accuracy_guard_tolerance": 0.02,
  "selected_edges": [
    0,
    3,
    4,
    6,
    16,
    22,
    27
  ],
  "edge_nodes": {
    "0": [
      0,
      6,
      9,
      16,
      26
    ],
    "3": [
      3
    ],
    "4": [
      4
    ],
    "6": [
      11,
      20
    ],
    "16": [
      2,
      7,
      8,
      14,
      15,
      18,
      21,
      23,
      28,
      29
    ],
    "22": [
      1,
      5,
      10,
      12,
      13,
      17,
      19,
      22,
      24,
      25
    ],
    "27": [
      27
    ]
  },
  "node_edge": {
    "0": 0,
    "6": 0,
    "9": 0,
    "16": 0,
    "26": 0,
    "3": 3,
    "4": 4,
    "11": 6,
    "20": 6,
    "2": 16,
    "7": 16,
    "8": 16,
    "14": 16,
    "15": 16,
    "18": 16,
    "21": 16,
    "23": 16,
    "28": 16,
    "29": 16,
    "1": 22,
    "5": 22,
    "10": 22,
    "12": 22,
    "13": 22,
    "17": 22,
    "19": 22,
    "22": 22,
    "24": 22,
    "25": 22,
    "27": 27
  },
  "edge_data_sizes": {
    "0": 900,
    "3": 180,
    "4": 180,
    "6": 360,
    "16": 1800,
    "22": 1800,
    "27": 180
  },
  "plan_history": [
    {
      "cloud_round": 0,
      "reason": "warmup",
      "planning_signal": "shapley",
      "planning_objective": "paper",
      "gamma_t": 2800.0,
      "phi_raw": {
        "0": 0.001953125,
        "1": 0.0029296875,
        "2": -0.0026041666666666665,
        "3": -0.0026041666666666665,
        "4": -0.0068359375,
        "5": -0.00078125,
        "6": 0.0,
        "7": -0.0009765625,
        "8": 0.0,
        "9": 0.0,
        "10": -0.00390625,
        "11": -0.005208333333333333,
        "12": 0.00390625,
        "13": -0.001953125,
        "14": 0.0,
        "15": -0.0029296875,
        "16": 0.0,
        "17": -0.0026041666666666665,
        "18": -0.001953125,
        "19": -0.0068359375,
        "20": 0.0009765625,
        "21": -0.00390625,
        "22": 0.00390625,
        "23": -0.0009765625,
        "24": 0.003125,
        "25": -0.0026041666666666665,
        "26": 0.00078125,
        "27": -0.0026041666666666665,
        "28": -0.0046875,
        "29": -0.00390625
      },
      "phi": {
        "0": 0.818182,
        "1": 0.9090910000000001,
        "2": 0.39394000000000007,
        "3": 0.39394000000000007,
        "4": 1e-06,
        "5": 0.5636368,
        "6": 0.636364,
        "7": 0.545455,
        "8": 0.636364,
        "9": 0.636364,
        "10": 0.27272799999999997,
        "11": 0.15151600000000004,
        "12": 1.0,
        "13": 0.454546,
        "14": 0.636364,
        "15": 0.363637,
        "16": 0.636364,
        "17": 0.39394000000000007,
        "18": 0.454546,
        "19": 1e-06,
        "20": 0.7272730000000001,
        "21": 0.27272799999999997,
        "22": 1.0,
        "23": 0.545455,
        "24": 0.9272727999999999,
        "25": 0.39394000000000007,
        "26": 0.7090911999999999,
        "27": 0.39394000000000007,
        "28": 0.20000080000000003,
        "29": 0.27272799999999997
      },
      "objective_value": -4269.589297131548,
      "cost_cap_triggered": false,
      "candidate_per_round_cost_gb": 0.44567795495298423,
      "edge_balance_deficit": 0.199038393699274,
      "gamma_next": 2800.0,
      "edge_min_members": 0,
      "edge_underfill_penalty": 0.0,
      "selected_edges": [
        0,
        1,
        4,
        12,
        15,
        16,
        22,
        24
      ],
      "edge_nodes": {
        "0": [
          0
        ],
        "1": [
          1
        ],
        "4": [
          4,
          11,
          19,
          26,
          28
        ],
        "12": [
          12
        ],
        "15": [
          2,
          3,
          10,
          15,
          17,
          20,
          21,
          25,
          27,
          29
        ],
        "16": [
          5,
          6,
          7,
          8,
          9,
          13,
          14,
          16,
          18,
          23
        ],
        "22": [
          22
        ],
        "24": [
          24
        ]
      },
      "selected_plan_source": "planner_0"
    },
    {
      "cloud_round": 5,
      "reason": "drift@5",
      "planning_signal": "shapley",
      "planning_objective": "paper",
      "gamma_t": 2731.4791228132153,
      "phi_raw": {
        "0": -0.009114583333333334,
        "1": -0.02734375,
        "2": 0.001953125,
        "3": -0.0046875,
        "4": -0.0078125,
        "5": -0.00859375,
        "6": -0.0068359375,
        "7": -0.0029296875,
        "8": -0.01171875,
        "9": -0.0078125,
        "10": -0.0015625,
        "11": -0.01171875,
        "12": -0.017578125,
        "13": -0.005859375,
        "14": -0.0015625,
        "15": -0.00703125,
        "16": -0.005208333333333333,
        "17": -0.00390625,
        "18": -0.0078125,
        "19": -0.001953125,
        "20": -0.0068359375,
        "21": -0.00234375,
        "22": -0.01328125,
        "23": -0.0078125,
        "24": -0.0234375,
        "25": 0.005859375,
        "26": -0.0107421875,
        "27": -0.01953125,
        "28": 0.0,
        "29": 0.0
      },
      "phi": {
        "0": 0.5490200588235294,
        "1": 1e-06,
        "2": 0.8823530588235293,
        "3": 0.6823532588235294,
        "4": 0.588235705882353,
        "5": 0.5647063176470588,
        "6": 0.6176474411764706,
        "7": 0.7352943823529412,
        "8": 0.4705887647058823,
        "9": 0.588235705882353,
        "10": 0.7764708117647059,
        "11": 0.4705887647058823,
        "12": 0.29411835294117644,
        "13": 0.6470591764705882,
        "14": 0.7764708117647059,
        "15": 0.611765094117647,
        "16": 0.6666670000000001,
        "17": 0.7058826470588235,
        "18": 0.588235705882353,
        "19": 0.7647061176470588,
        "20": 0.6176474411764706,
        "21": 0.7529414235294118,
        "22": 0.4235299882352941,
        "23": 0.588235705882353,
        "24": 0.11764794117647058,
        "25": 1.0,
        "26": 0.5000005,
        "27": 0.23529488235294116,
        "28": 0.8235295882352941,
        "29": 0.8235295882352941
      },
      "objective_value": -4269.491391736879,
      "cost_cap_triggered": false,
      "candidate_per_round_cost_gb": 0.44442266409182585,
      "edge_balance_deficit": 0.12648600775095237,
      "gamma_next": 2731.4791228132153,
      "edge_min_members": 0,
      "edge_underfill_penalty": 0.0,
      "selected_edges": [
        3,
        4,
        10,
        14,
        16,
        25,
        28,
        29
      ],
      "edge_nodes": {
        "3": [
          1,
          2,
          7,
          12,
          24
        ],
        "4": [
          0,
          5,
          8,
          9,
          11,
          17,
          21,
          22,
          26,
          27
        ],
        "10": [
          10
        ],
        "14": [
          14
        ],
        "16": [
          3,
          4,
          6,
          13,
          15,
          16,
          18,
          19,
          20,
          23
        ],
        "25": [
          25
        ],
        "28": [
          28
        ],
        "29": [
          29
        ]
      },
      "selected_plan_source": "planner_0"
    },
    {
      "cloud_round": 13,
      "reason": "drift@13",
      "planning_signal": "shapley",
      "planning_objective": "paper",
      "gamma_t": 2358.3659483001643,
      "phi_raw": {
        "0": -0.0068359375,
        "1": -0.009765625,
        "2": 0.0009765625,
        "3": -0.0087890625,
        "4": -0.00390625,
        "5": -0.00234375,
        "6": -0.0046875,
        "7": 0.0009765625,
        "8": -0.0009765625,
        "9": -0.0078125,
        "10": -0.0078125,
        "11": 0.0,
        "12": -0.005859375,
        "13": 0.0,
        "14": -0.006510416666666667,
        "15": -0.001953125,
        "16": -0.00390625,
        "17": -0.003125,
        "18": -0.0032552083333333335,