{
  "output_dir": "results/fig11_rose/fmnist_geant2010",
  "elapsed_seconds": 4407.116749286652,
  "final_accuracy": 0.7115,
  "best_accuracy": 0.7147,
  "final_cumulative_cost_gb": 21.451902779992658,
  "final_paper_cumulative_cost_gb": 21.451902779992658,
  "final_effective_cumulative_cost_gb": 44.199388723028974,
  "total_model_payload_bytes": 3791957112,
  "total_probe_payload_bytes": 141672414,
  "replan_count": 4,
  "fairness": {
    "mean_accuracy": 0.7112112112112111,
    "median_accuracy": 0.7027027027027026,
    "std_accuracy": 0.0944557295658171,
    "min_accuracy": 0.5405405405405406,
    "max_accuracy": 0.8948948948948949,
    "jain_index": 0.9826673113830001,
    "gini_coefficient": 0.07603565564156677,
    "worst_10pct_accuracy": 0.5585585585585586,
    "bootstrap_ci": {
      "mean_accuracy": {
        "estimate": 0.7112112112112111,
        "lower": 0.6744419419419418,
        "upper": 0.7428453453453453
      },
      "jain_index": {
        "estimate": 0.9826673113830001,
        "lower": 0.9769082464558708,
        "upper": 0.9894412631947999
      },
      "gini_coefficient": {
        "estimate": 0.07603565564156677,
        "lower": 0.05765232291091857,
        "upper": 0.08743249614326468
      },
      "worst_10pct_accuracy": {
        "estimate": 0.5585585585585586,
        "lower": 0.5405405405405406,
        "upper": 0.6106106106106106
      }
    },
    "per_client_accuracy": {
      "0": 0.8018018018018018,
      "1": 0.6186186186186187,
      "2": 0.5885885885885885,
      "3": 0.5405405405405406,
      "4": 0.6966966966966966,
      "5": 0.6546546546546547,
      "6": 0.6576576576576577,
      "7": 0.6036036036036037,
      "8": 0.8948948948948949,
      "9": 0.7087087087087087,
      "10": 0.8408408408408409,
      "11": 0.8648648648648649,
      "12": 0.7927927927927928,
      "13": 0.5465465465465466,
      "14": 0.7207207207207207,
      "15": 0.7087087087087087,
      "16": 0.7927927927927928,
      "17": 0.8228228228228228,
      "18": 0.6636636636636637,
      "19": 0.6096096096096096,
      "20": 0.6966966966966966,
      "21": 0.7327327327327328,
      "22": 0.7387387387387387,
      "23": 0.8018018018018018,
      "24": 0.6876876876876877,
      "25": 0.8438438438438438,
      "26": 0.7777777777777778,
      "27": 0.6126126126126126,
      "28": 0.6306306306306306,
      "29": 0.6846846846846847
    }
  }
}