{
  "selected_edges": [
    1,
    3,
    16,
    20,
    25
  ],
  "edge_nodes": {
    "1": [
      0,
      1,
      2,
      7,
      12,
      19,
      25,
      26,
      28,
      29
    ],
    "3": [
      3,
      4,
      6,
      11,
      14,
      16,
      17,
      18,
      22,
      27
    ],
    "16": [
      9
    ],
    "20": [
      8,
      10,
      13,
      15,
      20,
      21,
      23,
      24
    ],
    "25": [
      5
    ]
  },
  "node_edge": {
    "0": 1,
    "1": 1,
    "2": 1,
    "7": 1,
    "12": 1,
    "19": 1,
    "25": 1,
    "26": 1,
    "28": 1,
    "29": 1,
    "3": 3,
    "4": 3,
    "6": 3,
    "11": 3,
    "14": 3,
    "16": 3,
    "17": 3,
    "18": 3,
    "22": 3,
    "27": 3,
    "9": 16,
    "8": 20,
    "10": 20,
    "13": 20,
    "15": 20,
    "20": 20,
    "21": 20,
    "23": 20,
    "24": 20,
    "5": 25
  },
  "edge_data_sizes": {
    "1": 1800,
    "3": 1800,
    "16": 180,
    "20": 1440,
    "25": 180
  },
  "plan_history": [
    {
      "cloud_round": 0,
      "reason": "warmup",
      "planning_signal": "hybrid",
      "gamma_t": 2800.0,
      "phi_raw": {
        "0": 0.5606936498485944,
        "1": 0.8732317466103657,
        "2": 0.23290246610615475,
        "3": 0.25238195151069676,
        "4": 0.7096204626224357,
        "5": 0.8502161974681401,
        "6": 0.442800382133674,
        "7": 0.6189720632208958,
        "8": 0.606930772842152,
        "9": 0.8923485381480115,
        "10": 0.5552738219048522,
        "11": 0.47355050235708207,
        "12": 0.4930906495727613,
        "13": 0.6706635848649088,
        "14": 0.19715770443165653,
        "15": 0.3428915802676937,
        "16": 0.9999999999999999,
        "17": 0.7407892887137181,
        "18": 0.817748860469708,
        "19": 0.6924948563742619,
        "20": 0.13360841460023856,
        "21": 0.6598347595065489,
        "22": 0.39025609286360247,
        "23": 0.44186050799018023,
        "24": 0.5153530369927021,
        "25": 0.6385025095187428,
        "26": 0.5121574498696532,
        "27": 1e-06,
        "28": 0.761201011237555,
        "29": 0.6098041090843791
      },
      "phi": {
        "0": 0.5606936498485944,
        "1": 0.8732317466103657,
        "2": 0.23290246610615475,
        "3": 0.25238195151069676,
        "4": 0.7096204626224357,
        "5": 0.8502161974681401,
        "6": 0.442800382133674,
        "7": 0.6189720632208958,
        "8": 0.606930772842152,
        "9": 0.8923485381480115,
        "10": 0.5552738219048522,
        "11": 0.47355050235708207,
        "12": 0.4930906495727613,
        "13": 0.6706635848649088,
        "14": 0.19715770443165653,
        "15": 0.3428915802676937,
        "16": 0.9999999999999999,
        "17": 0.7407892887137181,
        "18": 0.817748860469708,
        "19": 0.6924948563742619,
        "20": 0.13360841460023856,
        "21": 0.6598347595065489,
        "22": 0.39025609286360247,
        "23": 0.44186050799018023,
        "24": 0.5153530369927021,
        "25": 0.6385025095187428,
        "26": 0.5121574498696532,
        "27": 1e-06,
        "28": 0.761201011237555,
        "29": 0.6098041090843791
      },
      "hybrid_info": {
        "lambda": 0.3120838926293987,
        "head_shapley_raw": {
          "0": 0.0,
          "1": 0.0,
          "2": 0.0,
          "3": 0.0,
          "4": 0.0,
          "5": 0.0,
          "6": 0.0,
          "7": 0.0,
          "8": 0.0,
          "9": 0.0,
          "10": -0.00020559210526315788,
          "11": 0.0,
          "12": 0.0,
          "13": 0.0,
          "14": 0.0,
          "15": 0.0,
          "16": 0.0,
          "17": 0.0,
          "18": 0.0,
          "19": 0.0,
          "20": 0.0,
          "21": 0.0,
          "22": 0.0,
          "23": 0.0,
          "24": 0.0,
          "25": 0.0,
          "26": 0.0,
          "27": -0.0003255208333333333,
          "28": 0.0,
          "29": 0.0
        },
        "head_shapley": {
          "0": 1.0,
          "1": 1.0,
          "2": 1.0,
          "3": 1.0,
          "4": 1.0,
          "5": 1.0,
          "6": 1.0,
          "7": 1.0,
          "8": 1.0,
          "9": 1.0,
          "10": 0.3684216842105263,
          "11": 1.0,
          "12": 1.0,
          "13": 1.0,
          "14": 1.0,
          "15": 1.0,
          "16": 1.0,
          "17": 1.0,
          "18": 1.0,
          "19": 1.0,
          "20": 1.0,
          "21": 1.0,
          "22": 1.0,
          "23": 1.0,
          "24": 1.0,
          "25": 1.0,
          "26": 1.0,
          "27": 1e-06,
          "28": 1.0,
          "29": 1.0
        },
        "cosine_diversity": {
          "0": 0.4929476252445878,
          "1": 0.8536826433247399,
          "2": 0.11460732107368576,
          "3": 0.13709076418800062,
          "4": 0.6648406426246127,
          "5": 0.827117835315834,
          "6": 0.3568738777516969,
          "7": 0.5602132313238504,
          "8": 0.5463150373196954,
          "9": 0.8757474610618994,
          "10": 0.7732173713763417,
          "11": 0.39236601547727223,
          "12": 0.4149194751424142,
          "13": 0.6198761722198431,
          "14": 0.07335031150422693,
          "15": 0.24155800483601106,
          "16": 1.0,
          "17": 0.7008160554145174,
          "18": 0.7896436665009157,
          "19": 0.6450740735452679,
          "20": 1e-06,
          "21": 0.6073774191017157,
          "22": 0.29622666278418563,
          "23": 0.3557890643492376,
          "24": 0.44061497534430194,
          "25": 0.5827554940795409,
          "26": 0.4369265924221764,
          "27": 0.2994549798389643,
          "28": 0.7243754971912936,
          "29": 0.5496314746181542
        },
        "probe_accuracy": {
          "0": 0.07421875,
          "1": 0.1015625,
          "2": 0.01953125,
          "3": 0.0703125,
          "4": 0.078125,
          "5": 0.0859375,
          "6": 0.01171875,
          "7": 0.0546875,
          "8": 0.11328125,
          "9": 0.09375,
          "10": 0.10546875,
          "11": 0.08984375,
          "12": 0.109375,
          "13": 0.05859375,
          "14": 0.04296875,
          "15": 0.078125,
          "16": 0.1171875,
          "17": 0.0859375,
          "18": 0.12109375,
          "19": 0.12109375,
          "20": 0.0546875,
          "21": 0.0703125,
          "22": 0.0703125,
          "23": 0.05859375,
          "24": 0.140625,
          "25": 0.1171875,
          "26": 0.1015625,
          "27": 0.015625,
          "28": 0.08984375,
          "29": 0.109375
        },
        "head_accuracy_corr": 0.25641222896668775,
        "cosine_accuracy_corr": 0.5652009174419246
      },
      "objective_value": -3924.9799064536573,
      "cost_cap_triggered": false,
      "candidate_per_round_cost_gb": 0.33689444279971076,
      "edge_balance_deficit": 0.26541841201128263,
      "gamma_next": 2800.0,
      "edge_min_members": 2,
      "edge_underfill_penalty": 0.03893970632973869,
      "selected_edges": [
        4,
        5,
        6,
        16,
        22,
        26,
        28
      ],
      "edge_nodes": {
        "4": [
          0,
          4,
          7,
          8,
          10,
          13,
          17,
          24,
          25,
          29
        ],
        "5": [
          5
        ],
        "6": [
          3,
          6,
          11,
          12,
          15,
          18,
          19,
          22,
          23,
          26
        ],
        "16": [
          9
        ],
        "22": [
          2,
          14,
          16,
          20,
          21,
          27
        ],
        "26": [
          1
        ],
        "28": [
          28
        ]
      }
    },
    {
      "cloud_round": 8,
      "reason": "drift@8",
      "planning_signal": "hybrid",
      "gamma_t": 2800.0,
      "phi_raw": {
        "0": 0.27839057986154236,
        "1": 0.4272893512007573,
        "2": 0.17799735965127703,
        "3": 0.3687194123578831,
        "4": 0.2972022849260704,