{
  "events": [
    {
      "cloud_round": 0,
      "reason": "warmup",
      "planning_signal": "shapley",
      "gamma_t": 2800.0,
      "phi_raw": {
        "0": 0.0006510416666666666,
        "1": -0.00390625,
        "2": 0.00390625,
        "3": -0.0013020833333333333,
        "4": 0.001953125,
        "5": 0.0,
        "6": 0.00390625,
        "7": -0.0029296875,
        "8": -0.0009765625,
        "9": -0.0015625,
        "10": 0.0,
        "11": 0.00390625,
        "12": -0.00390625,
        "13": 0.001953125,
        "14": 0.0,
        "15": 0.0,
        "16": 0.0013020833333333333,
        "17": 0.0,
        "18": -0.001953125,
        "19": -0.001953125,
        "20": -0.0048828125,
        "21": -0.00078125,
        "22": -0.0009765625,
        "23": -0.0048828125,
        "24": -0.0015625,
        "25": -0.00390625,
        "26": -0.00078125,
        "27": -0.005208333333333333,
        "28": -0.00390625,
        "29": -0.00390625
      },
      "phi": {
        "0": 0.6428575000000001,
        "1": 0.14285799999999998,
        "2": 1.0,
        "3": 0.428572,
        "4": 0.7857145000000001,
        "5": 0.5714290000000001,
        "6": 1.0,
        "7": 0.25000075,
        "8": 0.46428625,
        "9": 0.40000059999999993,
        "10": 0.5714290000000001,
        "11": 1.0,
        "12": 0.14285799999999998,
        "13": 0.7857145000000001,
        "14": 0.5714290000000001,
        "15": 0.5714290000000001,
        "16": 0.7142860000000001,
        "17": 0.5714290000000001,
        "18": 0.3571435,
        "19": 0.3571435,
        "20": 0.035715249999999976,
        "21": 0.4857148,
        "22": 0.46428625,
        "23": 0.035715249999999976,
        "24": 0.40000059999999993,
        "25": 0.14285799999999998,
        "26": 0.4857148,
        "27": 1e-06,
        "28": 0.14285799999999998,
        "29": 0.14285799999999998
      },
      "objective_value": -4068.7028217026523,
      "cost_cap_triggered": false,
      "candidate_per_round_cost_gb": 0.381170231582115,
      "edge_balance_deficit": 0.20004073377709153,
      "gamma_next": 2800.0,
      "edge_min_members": 0,
      "edge_underfill_penalty": 0.0,
      "selected_edges": [
        0,
        1,
        2,
        5,
        15,
        16,
        22,
        25
      ],
      "edge_nodes": {
        "0": [
          11
        ],
        "1": [
          0,
          1,
          7,
          9,
          12,
          18,
          19,
          24,
          28,
          29
        ],
        "2": [
          2
        ],
        "5": [
          6
        ],
        "15": [
          13
        ],
        "16": [
          16,
          20,
          23,
          25,
          27
        ],
        "22": [
          3,
          5,
          8,
          10,
          14,
          15,
          17,
          21,
          22,
          26
        ],
        "25": [
          4
        ]
      }
    },
    {
      "cloud_round": 7,
      "reason": "drift@7",
      "planning_signal": "shapley",
      "gamma_t": 577.1006467905377,
      "phi_raw": {
        "0": -0.0009765625,
        "1": 0.0,
        "2": -0.015625,
        "3": -0.00390625,
        "4": -0.0166015625,
        "5": -0.00390625,
        "6": -0.010416666666666666,
        "7": -0.006510416666666667,
        "8": -0.00625,
        "9": -0.005859375,
        "10": 0.0009765625,
        "11": -0.0244140625,
        "12": -0.001953125,
        "13": -0.00390625,
        "14": 0.0,
        "15": 0.00390625,
        "16": 0.0,
        "17": -0.005208333333333333,
        "18": 0.0048828125,
        "19": -0.0026041666666666665,
        "20": -0.0029296875,
        "21": -0.00546875,
        "22": -0.001953125,
        "23": -0.00390625,
        "24": 0.00703125,
        "25": 0.0,
        "26": -0.0068359375,
        "27": 0.01171875,
        "28": -0.0126953125,
        "29": 0.0
      },
      "phi": {
        "0": 0.648649,
        "1": 0.675676,
        "2": 0.243244,
        "3": 0.5675680000000001,
        "4": 0.216217,
        "5": 0.5675680000000001,
        "6": 0.38738799999999995,
        "7": 0.49549599999999994,
        "8": 0.5027032,
        "9": 0.513514,
        "10": 0.702703,
        "11": 1e-06,
        "12": 0.621622,
        "13": 0.5675680000000001,
        "14": 0.675676,
        "15": 0.783784,
        "16": 0.675676,
        "17": 0.531532,
        "18": 0.810811,
        "19": 0.603604,
        "20": 0.594595,
        "21": 0.5243248,
        "22": 0.621622,
        "23": 0.5675680000000001,
        "24": 0.8702704000000001,
        "25": 0.675676,
        "26": 0.48648699999999995,
        "27": 1.0,
        "28": 0.324325,
        "29": 0.675676
      },
      "objective_value": -868.9627029531194,
      "cost_cap_triggered": false,
      "candidate_per_round_cost_gb": 0.2961574239654292,
      "edge_balance_deficit": 0.13622213296394323,
      "gamma_next": 577.1006467905377,
      "edge_min_members": 0,
      "edge_underfill_penalty": 0.0,
      "selected_edges": [
        4,
        15,
        16,
        22,
        24,
        26
      ],
      "edge_nodes": {
        "4": [
          2,
          4,
          6,
          11,
          18,
          26,
          28
        ],
        "15": [
          15
        ],
        "16": [
          3,
          5,
          7,
          8,
          9,
          10,
          17,
          21,
          23,
          29
        ],
        "22": [
          0,
          1,
          12,
          13,
          14,
          16,
          19,
          20,
          22,
          25
        ],
        "24": [
          24
        ],
        "26": [
          27
        ]
      }
    }
  ]
}