{
  "selected_edges": [
    0,
    1,
    2,
    5,
    15,
    16,
    18,
    20,
    21,
    22
  ],
  "edge_nodes": {
    "0": [
      24
    ],
    "1": [
      28
    ],
    "2": [
      17,
      23,
      29
    ],
    "5": [
      5
    ],
    "15": [
      9
    ],
    "16": [
      0,
      1,
      3,
      4,
      7,
      8,
      10,
      11,
      16,
      26
    ],
    "18": [
      18
    ],
    "20": [
      20
    ],
    "21": [
      14
    ],
    "22": [
      2,
      6,
      12,
      13,
      15,
      19,
      21,
      22,
      25,
      27
    ]
  },
  "node_edge": {
    "24": 0,
    "28": 1,
    "17": 2,
    "23": 2,
    "29": 2,
    "5": 5,
    "9": 15,
    "0": 16,
    "1": 16,
    "3": 16,
    "4": 16,
    "7": 16,
    "8": 16,
    "10": 16,
    "11": 16,
    "16": 16,
    "26": 16,
    "18": 18,
    "20": 20,
    "14": 21,
    "2": 22,
    "6": 22,
    "12": 22,
    "13": 22,
    "15": 22,
    "19": 22,
    "21": 22,
    "22": 22,
    "25": 22,
    "27": 22
  },
  "edge_data_sizes": {
    "0": 180,
    "1": 180,
    "2": 540,
    "5": 180,
    "15": 180,
    "16": 1800,
    "18": 180,
    "20": 180,
    "21": 180,
    "22": 1800
  },
  "plan_history": [
    {
      "cloud_round": 0,
      "reason": "warmup",
      "planning_signal": "shapley",
      "gamma_t": 2800.0,
      "phi_raw": {
        "0": -0.0032552083333333335,
        "1": -0.001953125,
        "2": 0.0,
        "3": -0.005208333333333333,
        "4": -0.0009765625,
        "5": -0.00078125,
        "6": 0.0,
        "7": -0.005859375,
        "8": -0.001953125,
        "9": 0.00078125,
        "10": -0.00078125,
        "11": 0.0,
        "12": -0.003125,
        "13": -0.0048828125,
        "14": 0.00390625,
        "15": -0.0048828125,
        "16": -0.00390625,
        "17": -0.0026041666666666665,
        "18": -0.0009765625,
        "19": -0.001953125,
        "20": -0.0009765625,
        "21": -0.00234375,
        "22": -0.0029296875,
        "23": 0.0009765625,
        "24": -0.0015625,
        "25": -0.00390625,
        "26": 0.0,
        "27": -0.00390625,
        "28": -0.00078125,
        "29": -0.0009765625
      },
      "phi": {
        "0": 0.26666739999999994,
        "1": 0.4000006,
        "2": 0.6000004,
        "3": 0.06666760000000004,
        "4": 0.5000005000000001,
        "5": 0.52000048,
        "6": 0.6000004,
        "7": 1e-06,
        "8": 0.4000006,
        "9": 0.68000032,
        "10": 0.52000048,
        "11": 0.6000004,
        "12": 0.28000072,
        "13": 0.1000009,
        "14": 1.0,
        "15": 0.1000009,
        "16": 0.2000008,
        "17": 0.33333399999999996,
        "18": 0.5000005000000001,
        "19": 0.4000006,
        "20": 0.5000005000000001,
        "21": 0.3600006399999999,
        "22": 0.30000069999999995,
        "23": 0.7000003,
        "24": 0.44000056000000004,
        "25": 0.2000008,
        "26": 0.6000004,
        "27": 0.2000008,
        "28": 0.52000048,
        "29": 0.5000005000000001
      },
      "objective_value": -2310.7752721884626,
      "selected_edges": [
        0,
        1,
        2,
        3,
        4,
        28
      ],
      "edge_nodes": {
        "0": [
          2,
          3,
          7,
          13,
          15,
          25,
          27
        ],
        "1": [
          4,
          5,
          6,
          10,
          18,
          20,
          24,
          26,
          28,
          29
        ],
        "2": [
          9
        ],
        "3": [
          14
        ],
        "4": [
          0,
          1,
          8,
          11,
          12,
          16,
          17,
          19,
          21,
          22
        ],
        "28": [
          23
        ]
      }
    },
    {
      "cloud_round": 7,
      "reason": "drift@7",
      "planning_signal": "shapley",
      "gamma_t": 577.1006467905377,
      "phi_raw": {
        "0": -0.0087890625,
        "1": -0.005859375,
        "2": -0.013020833333333334,
        "3": -0.0078125,
        "4": 0.0,
        "5": 0.00390625,
        "6": 0.0026041666666666665,
        "7": 0.0,
        "8": -0.00546875,
        "9": 0.0078125,
        "10": 0.0009765625,
        "11": -0.0048828125,
        "12": -0.0107421875,
        "13": -0.0087890625,
        "14": 0.007161458333333333,
        "15": -0.015625,
        "16": 0.00234375,
        "17": -0.016927083333333332,
        "18": 0.005859375,
        "19": -0.011067708333333334,
        "20": 0.0068359375,
        "21": -0.0125,
        "22": -0.009765625,
        "23": -0.01953125,
        "24": 0.0046875,
        "25": -0.01171875,
        "26": 0.0,
        "27": -0.0107421875,
        "28": 0.0107421875,
        "29": 0.0026041666666666665
      },
      "phi": {
        "0": 0.35483935483870965,
        "1": 0.45161345161290317,
        "2": 0.21505454838709676,
        "3": 0.38709738709677416,
        "4": 0.6451616451612904,
        "5": 0.7741937741935484,
        "6": 0.7311830645161291,
        "7": 0.6451616451612904,
        "8": 0.464516664516129,
        "9": 0.9032259032258064,
        "10": 0.6774196774193548,
        "11": 0.4838714838709677,
        "12": 0.2903232903225806,
        "13": 0.35483935483870965,
        "14": 0.8817205483870967,
        "15": 0.12903312903225805,
        "16": 0.7225809225806452,
        "17": 0.08602241935483874,
        "18": 0.8387098387096774,
        "19": 0.27957061290322577,
        "20": 0.870967870967742,
        "21": 0.2322588322580645,
        "22": 0.32258132258064515,
        "23": 1e-06,
        "24": 0.8000001999999999,
        "25": 0.2580652580645161,
        "26": 0.6451616451612904,
        "27": 0.2903232903225806,
        "28": 1.0,
        "29": 0.7311830645161291
      },
      "objective_value": -690.769493676735,
      "selected_edges": [
        0,
        1,
        2,
        5,
        15,
        16,
        18,
        20,
        21,
        22
      ],
      "edge_nodes": {
        "0": [
          24
        ],
        "1": [
          28
        ],
        "2": [
          17,
          23,
          29
        ],
        "5": [
          5
        ],
        "15": [
          9
        ],
        "16": [
          0,
          1,
          3,
          4,
          7,
          8,
          10,
          11,
          16,
          26
        ],
        "18": [
          18
        ],
        "20": [
          20
        ],
        "21": [
          14
        ],
        "22": [
          2,
          6,
          12,
          13,
          15,
          19,
          21,
          22,
          25,
          27
        ]
      }
    }
  ]
}