{
  "events": [
    {
      "cloud_round": 0,
      "reason": "warmup",
      "planning_signal": "hybrid",
      "gamma_t": 2800.0,
      "phi_raw": {
        "0": 0.5375438627087095,
        "1": 0.3389373718236844,
        "2": 0.4975576559722381,
        "3": 0.5277956655668715,
        "4": 0.0998370126574484,
        "5": 0.701996828612766,
        "6": 0.78451890359586,
        "7": 0.22665678503348147,
        "8": 0.3971676430599906,
        "9": 1.0,
        "10": 0.8282262056740494,
        "11": 0.12008494842678252,
        "12": 0.47733926974020224,
        "13": 0.48047813389773775,
        "14": 0.23629491535745076,
        "15": 0.18617658403921866,
        "16": 0.4258570324625207,
        "17": 0.7353266497485875,
        "18": 0.4706113193473468,
        "19": 0.5825125985880558,
        "20": 0.4148891485216495,
        "21": 0.4314340854090028,
        "22": 1e-06,
        "23": 0.4788596351755935,
        "24": 0.11703979422161638,
        "25": 0.15854266409501142,
        "26": 0.36363214048357395,
        "27": 0.5641115859347406,
        "28": 0.5187529228779079,
        "29": 0.11784933702644473
      },
      "phi": {
        "0": 0.5375438627087095,
        "1": 0.3389373718236844,
        "2": 0.4975576559722381,
        "3": 0.5277956655668715,
        "4": 0.0998370126574484,
        "5": 0.701996828612766,
        "6": 0.78451890359586,
        "7": 0.22665678503348147,
        "8": 0.3971676430599906,
        "9": 1.0,
        "10": 0.8282262056740494,
        "11": 0.12008494842678252,
        "12": 0.47733926974020224,
        "13": 0.48047813389773775,
        "14": 0.23629491535745076,
        "15": 0.18617658403921866,
        "16": 0.4258570324625207,
        "17": 0.7353266497485875,
        "18": 0.4706113193473468,
        "19": 0.5825125985880558,
        "20": 0.4148891485216495,
        "21": 0.4314340854090028,
        "22": 1e-06,
        "23": 0.4788596351755935,
        "24": 0.11703979422161638,
        "25": 0.15854266409501142,
        "26": 0.36363214048357395,
        "27": 0.5641115859347406,
        "28": 0.5187529228779079,
        "29": 0.11784933702644473
      },
      "hybrid_info": {
        "lambda": 0.1,
        "head_shapley_raw": {
          "0": 0.0,
          "1": 0.0,
          "2": 0.0,
          "3": 0.0,
          "4": 0.0,
          "5": 0.0,
          "6": 0.0,
          "7": 0.0,
          "8": 0.0,
          "9": 0.0,
          "10": -0.00020559210526315788,
          "11": 0.0,
          "12": 0.0,
          "13": 0.0,
          "14": 0.0,
          "15": 0.0,
          "16": 0.0,
          "17": 0.0,
          "18": 0.0,
          "19": 0.0,
          "20": 0.0,
          "21": 0.0,
          "22": 0.0,
          "23": 0.0,
          "24": 0.0,
          "25": 0.0,
          "26": 0.0,
          "27": -0.0003255208333333333,
          "28": 0.0,
          "29": 0.0
        },
        "head_shapley": {
          "0": 1.0,
          "1": 1.0,
          "2": 1.0,
          "3": 1.0,
          "4": 1.0,
          "5": 1.0,
          "6": 1.0,
          "7": 1.0,
          "8": 1.0,
          "9": 1.0,
          "10": 0.3684216842105263,
          "11": 1.0,
          "12": 1.0,
          "13": 1.0,
          "14": 1.0,
          "15": 1.0,
          "16": 1.0,
          "17": 1.0,
          "18": 1.0,
          "19": 1.0,
          "20": 1.0,
          "21": 1.0,
          "22": 1.0,
          "23": 1.0,
          "24": 1.0,
          "25": 1.0,
          "26": 1.0,
          "27": 1e-06,
          "28": 1.0,
          "29": 1.0
        },
        "cosine_diversity": {
          "0": 0.5375438627087095,
          "1": 0.33893737182368444,
          "2": 0.4975576559722381,
          "3": 0.5277956655668715,
          "4": 0.09983701265744843,
          "5": 0.7019968286127659,
          "6": 0.7845189035958601,
          "7": 0.22665678503348147,
          "8": 0.39716764305999064,
          "9": 1.0,
          "10": 0.8984015740951021,
          "11": 0.12008494842678254,
          "12": 0.4773392697402023,
          "13": 0.4804781338977378,
          "14": 0.23629491535745076,
          "15": 0.1861765840392187,
          "16": 0.42585703246252077,
          "17": 0.7353266497485876,
          "18": 0.4706113193473468,
          "19": 0.5825125985880558,
          "20": 0.4148891485216495,
          "21": 0.4314340854090028,
          "22": 1e-06,
          "23": 0.4788596351755936,
          "24": 0.1170397942216164,
          "25": 0.15854266409501142,
          "26": 0.36363214048357406,
          "27": 0.6752225859347407,
          "28": 0.5187529228779079,
          "29": 0.11784933702644472
        },
        "probe_accuracy": {
          "0": 0.12109375,
          "1": 0.05859375,
          "2": 0.13671875,
          "3": 0.1015625,
          "4": 0.03125,
          "5": 0.0859375,
          "6": 0.0859375,
          "7": 0.0234375,
          "8": 0.07421875,
          "9": 0.10546875,
          "10": 0.0859375,
          "11": 0.0625,
          "12": 0.1171875,
          "13": 0.07421875,
          "14": 0.078125,
          "15": 0.0703125,
          "16": 0.0859375,
          "17": 0.11328125,
          "18": 0.06640625,
          "19": 0.12890625,
          "20": 0.05859375,
          "21": 0.0390625,
          "22": 0.06640625,
          "23": 0.109375,
          "24": 0.0703125,
          "25": 0.0625,
          "26": 0.03125,
          "27": 0.0703125,
          "28": 0.0546875,
          "29": 0.03515625
        },
        "head_accuracy_corr": 0.004073987956802619,
        "cosine_accuracy_corr": 0.538914294202393
      },
      "objective_value": -3103.8000084455143,
      "cost_cap_triggered": false,
      "candidate_per_round_cost_gb": 0.30974347788324286,
      "edge_balance_deficit": 0.2844169766347582,
      "gamma_next": 2800.0,
      "edge_min_members": 0,
      "edge_underfill_penalty": 0.0,
      "selected_edges": [
        4,
        5,
        6,
        15,
        16,
        22
      ],
      "edge_nodes": {
        "4": [
          3,
          4,
          17,
          22,
          24,
          29
        ],
        "5": [
          5
        ],
        "6": [
          6
        ],
        "15": [
          9,
          27
        ],
        "16": [
          0,
          2,
          12,
          13,
          16,
          18,
          19,
          20,
          21,
          23
        ],
        "22": [
          1,
          7,
          8,
          10,
          11,
          14,
          15,
          25,
          26,
          28
        ]
      }
    },
    {
      "cloud_round": 8,
      "reason": "drift@8",
      "planning_signal": "hybrid",
      "gamma_t": 2800.0,
      "phi_raw": {
        "0": 0.1702828629393836,
        "1": 0.11001683071846989,
        "2": 0.11855032010567329,
        "3": 0.31642674968824724,
        "4": 0.24597053220674386,
        "5": 1.0,
        "6": 0.6642418747372986,
        "7": 1e-06,
        "8": 0.1057271440053357,
        "9": 0.772329713330662,
        "10": 0.10793819803690356,
        "11": 0.006726467507507308,
        "12": 0.1717874779498707,
        "13": 0.06723535257765335,
        "14": 0.0007710274827024407,
        "15": 0.07956380686532157,
        "16": 0.1747349883030306,
        "17": 0.30532713729212996,
        "18": 0.031941428144951045,
        "19": 0.16723723095061868,
        "20": 0.13668752115403274,
        "21": 0.11841624510195509,
        "22": 0.22163873203367612,
        "23": 0.12879957339084963,
        "24": 0.21973896078593974,
        "25": 0.03174139881012465,
        "26": 0.09696300878447463,
        "27": 0.7654803080472964,
        "28": 0.13100178762913348,
        "29": 0.2254735583717896
      },
      "phi": {
        "0": 0.1702828629393836,
        "1": 0.11001683071846989,
        "2": 0.11855032010567329,
        "3": 0.31642674968824724,
        "4": 0.24597053220674386,
        "5": 1.0,
        "6": 0.6642418747372986,