{
  "events": [
    {
      "cloud_round": 0,
      "reason": "warmup",
      "planning_signal": "shapley",
      "gamma_t": 2800.0,
      "phi_raw": {
        "0": 0.0,
        "1": 0.0029296875,
        "2": 0.0026041666666666665,
        "3": -0.00390625,
        "4": -0.001953125,
        "5": -0.0015625,
        "6": -0.0026041666666666665,
        "7": 0.001953125,
        "8": 0.001953125,
        "9": 0.00078125,
        "10": -0.00078125,
        "11": 0.0,
        "12": 0.0,
        "13": 0.001953125,
        "14": 0.00390625,
        "15": -0.00390625,
        "16": 0.00390625,
        "17": 0.0013020833333333333,
        "18": 0.0,
        "19": -0.0029296875,
        "20": 0.0029296875,
        "21": 0.00234375,
        "22": 0.0029296875,
        "23": -0.0029296875,
        "24": -0.0046875,
        "25": 0.0013020833333333333,
        "26": 0.003125,
        "27": 0.0013020833333333333,
        "28": -0.003125,
        "29": 0.00390625
      },
      "phi": {
        "0": 0.5454549999999999,
        "1": 0.8863637499999999,
        "2": 0.8484849999999999,
        "3": 0.09090999999999998,
        "4": 0.3181824999999999,
        "5": 0.3636369999999999,
        "6": 0.24242499999999995,
        "7": 0.7727274999999999,
        "8": 0.7727274999999999,
        "9": 0.6363639999999999,
        "10": 0.45454599999999995,
        "11": 0.5454549999999999,
        "12": 0.5454549999999999,
        "13": 0.7727274999999999,
        "14": 1.0,
        "15": 0.09090999999999998,
        "16": 1.0,
        "17": 0.6969699999999999,
        "18": 0.5454549999999999,
        "19": 0.20454624999999996,
        "20": 0.8863637499999999,
        "21": 0.8181819999999999,
        "22": 0.8863637499999999,
        "23": 0.20454624999999996,
        "24": 1e-06,
        "25": 0.6969699999999999,
        "26": 0.909091,
        "27": 0.6969699999999999,
        "28": 0.18181899999999995,
        "29": 1.0
      },
      "objective_value": -4842.134608538757,
      "cost_cap_triggered": false,
      "candidate_per_round_cost_gb": 0.5219957556617201,
      "edge_balance_deficit": 0.1937681848231768,
      "gamma_next": 2800.0,
      "edge_min_members": 0,
      "edge_underfill_penalty": 0.0,
      "selected_edges": [
        1,
        2,
        3,
        4,
        5,
        15,
        16,
        20,
        21,
        22,
        26,
        28
      ],
      "edge_nodes": {
        "1": [
          1
        ],
        "2": [
          2
        ],
        "3": [
          3,
          4,
          5,
          6,
          13,
          15,
          19,
          23,
          24,
          28
        ],
        "4": [
          0,
          8,
          9,
          10,
          11,
          12,
          17,
          18,
          25,
          27
        ],
        "5": [
          7
        ],
        "15": [
          21
        ],
        "16": [
          16
        ],
        "20": [
          14
        ],
        "21": [
          20
        ],
        "22": [
          22
        ],
        "26": [
          26
        ],
        "28": [
          29
        ]
      }
    },
    {
      "cloud_round": 7,
      "reason": "drift@7",
      "planning_signal": "shapley",
      "gamma_t": 577.1006467905377,
      "phi_raw": {
        "0": -0.005859375,
        "1": 0.009765625,
        "2": -0.00390625,
        "3": -0.005208333333333333,
        "4": -0.0009765625,
        "5": -0.0078125,
        "6": 0.0013020833333333333,
        "7": 0.00390625,
        "8": -0.00390625,
        "9": -0.0009765625,
        "10": 0.0029296875,
        "11": -0.0048828125,
        "12": 0.0009765625,
        "13": 0.005859375,
        "14": 0.013671875,
        "15": 0.0,
        "16": 0.0015625,
        "17": -0.0026041666666666665,
        "18": -0.00390625,
        "19": -0.0032552083333333335,
        "20": -0.0009765625,
        "21": -0.0140625,
        "22": 0.0087890625,
        "23": 0.0,
        "24": -0.00625,
        "25": 0.0013020833333333333,
        "26": -0.009765625,
        "27": -0.005859375,
        "28": -0.0029296875,
        "29": -0.022135416666666668
      },
      "phi": {
        "0": 0.45454599999999995,
        "1": 0.8909092,
        "2": 0.5090914,
        "3": 0.47272780000000003,
        "4": 0.5909095,
        "5": 0.40000059999999993,
        "6": 0.6545458,
        "7": 0.727273,
        "8": 0.5090914,
        "9": 0.5909095,
        "10": 0.7000003,
        "11": 0.4818186999999999,
        "12": 0.6454548999999999,
        "13": 0.7818183999999999,
        "14": 1.0,
        "15": 0.6181822,
        "16": 0.66181852,
        "17": 0.545455,
        "18": 0.5090914,
        "19": 0.5272732,
        "20": 0.5909095,
        "21": 0.22545532,
        "22": 0.8636364999999999,
        "23": 0.6181822,
        "24": 0.4436369199999999,
        "25": 0.6545458,
        "26": 0.34545519999999996,
        "27": 0.45454599999999995,
        "28": 0.5363641,
        "29": 1e-06
      },
      "objective_value": -816.6903274540844,
      "cost_cap_triggered": false,
      "candidate_per_round_cost_gb": 0.2771222626035862,
      "edge_balance_deficit": 0.20879829951512888,
      "gamma_next": 577.1006467905377,
      "edge_min_members": 0,
      "edge_underfill_penalty": 0.0,
      "selected_edges": [
        0,
        2,
        3,
        4,
        6
      ],
      "edge_nodes": {
        "0": [
          0,
          1,
          2,
          3,
          7,
          11,
          18,
          19,
          20,
          28
        ],
        "2": [
          22
        ],
        "3": [
          14
        ],
        "4": [
          5,
          13,
          21,
          24,
          25,
          26,
          27,
          29
        ],
        "6": [
          4,
          6,
          8,
          9,
          10,
          12,
          15,
          16,
          17,
          23
        ]
      }
    }
  ]
}