{
  "events": [
    {
      "cloud_round": 0,
      "reason": "warmup",
      "planning_signal": "shapley",
      "gamma_t": 2800.0,
      "phi_raw": {
        "0": -0.0013020833333333333,
        "1": -0.001953125,
        "2": -0.00390625,
        "3": -0.0013020833333333333,
        "4": -0.001953125,
        "5": -0.00078125,
        "6": -0.0013020833333333333,
        "7": 0.0,
        "8": 0.0,
        "9": -0.00234375,
        "10": -0.00078125,
        "11": -0.005208333333333333,
        "12": -0.00703125,
        "13": -0.0009765625,
        "14": 0.0,
        "15": 0.0009765625,
        "16": 0.0,
        "17": 0.0013020833333333333,
        "18": 0.001953125,
        "19": -0.0029296875,
        "20": -0.0009765625,
        "21": -0.00234375,
        "22": -0.0009765625,
        "23": 0.0029296875,
        "24": -0.00234375,
        "25": 0.0026041666666666665,
        "26": -0.003125,
        "27": -0.00390625,
        "28": -0.00546875,
        "29": -0.0029296875
      },
      "phi": {
        "0": 0.5751638235294119,
        "1": 0.5098044117647059,
        "2": 0.31372617647058826,
        "3": 0.5751638235294119,
        "4": 0.5098044117647059,
        "5": 0.6274513529411766,
        "6": 0.5751638235294119,
        "7": 0.7058826470588235,
        "8": 0.7058826470588235,
        "9": 0.4705887647058824,
        "10": 0.6274513529411766,
        "11": 0.1830073529411765,
        "12": 1e-06,
        "13": 0.6078435294117648,
        "14": 0.7058826470588235,
        "15": 0.8039217647058824,
        "16": 0.7058826470588235,
        "17": 0.8366014705882353,
        "18": 0.9019608823529411,
        "19": 0.41176529411764706,
        "20": 0.6078435294117648,
        "21": 0.4705887647058824,
        "22": 0.6078435294117648,
        "23": 1.0,
        "24": 0.4705887647058824,
        "25": 0.9673202941176471,
        "26": 0.3921574705882353,
        "27": 0.31372617647058826,
        "28": 0.15686358823529417,
        "29": 0.41176529411764706
      },
      "objective_value": -4303.3870447854915,
      "cost_cap_triggered": false,
      "candidate_per_round_cost_gb": 0.3373238649091589,
      "edge_balance_deficit": 0.18629661541976614,
      "gamma_next": 2800.0,
      "edge_min_members": 0,
      "edge_underfill_penalty": 0.0,
      "selected_edges": [
        0,
        15,
        16,
        18,
        22,
        25,
        28
      ],
      "edge_nodes": {
        "0": [
          2,
          11,
          12,
          17,
          27,
          28
        ],
        "15": [
          15
        ],
        "16": [
          1,
          4,
          6,
          9,
          16,
          19,
          21,
          24,
          26,
          29
        ],
        "18": [
          18
        ],
        "22": [
          0,
          3,
          5,
          7,
          8,
          10,
          13,
          14,
          20,
          22
        ],
        "25": [
          25
        ],
        "28": [
          23
        ]
      }
    },
    {
      "cloud_round": 7,
      "reason": "drift@7",
      "planning_signal": "shapley",
      "gamma_t": 577.1006467905377,
      "phi_raw": {
        "0": -0.009765625,
        "1": 0.0166015625,
        "2": -0.0013020833333333333,
        "3": -0.00390625,
        "4": 0.013671875,
        "5": 0.00390625,
        "6": 0.01171875,
        "7": 0.00390625,
        "8": -0.0015625,
        "9": 0.0029296875,
        "10": 0.001953125,
        "11": -0.0048828125,
        "12": 0.0029296875,
        "13": 0.0068359375,
        "14": -0.001953125,
        "15": -0.0087890625,
        "16": 0.00703125,
        "17": -0.005208333333333333,
        "18": -0.0029296875,
        "19": 0.0026041666666666665,
        "20": 0.001953125,
        "21": 0.01171875,
        "22": -0.001953125,
        "23": 0.001953125,
        "24": 0.01484375,
        "25": -0.014322916666666666,
        "26": -0.0029296875,
        "27": 0.0029296875,
        "28": 0.001953125,
        "29": 0.013020833333333334
      },
      "phi": {
        "0": 0.14736927368421052,
        "1": 1.0,
        "2": 0.4210532105263158,
        "3": 0.3368427684210526,
        "4": 0.9052632526315789,
        "5": 0.5894740947368421,
        "6": 0.8421054210526316,
        "7": 0.5894740947368421,
        "8": 0.4126321663157894,
        "9": 0.5578951789473684,
        "10": 0.5263162631578947,
        "11": 0.3052638526315789,
        "12": 0.5578951789473684,
        "13": 0.6842108421052631,
        "14": 0.4000006,
        "15": 0.1789481894736842,
        "16": 0.690526625263158,
        "17": 0.294737547368421,
        "18": 0.3684216842105263,
        "19": 0.5473688736842106,
        "20": 0.5263162631578947,
        "21": 0.8421054210526316,
        "22": 0.4000006,
        "23": 0.5263162631578947,
        "24": 0.9431579515789474,
        "25": 1e-06,
        "26": 0.3684216842105263,
        "27": 0.5578951789473684,
        "28": 0.5263162631578947,
        "29": 0.8842106421052632
      },
      "objective_value": -873.47751909213,
      "cost_cap_triggered": false,
      "candidate_per_round_cost_gb": 0.36789808327099033,
      "edge_balance_deficit": 0.20409701975895483,
      "gamma_next": 577.1006467905377,
      "edge_min_members": 0,
      "edge_underfill_penalty": 0.0,
      "selected_edges": [
        0,
        1,
        16,
        21,
        22,
        24,
        25,
        28
      ],
      "edge_nodes": {
        "0": [
          4
        ],
        "1": [
          1
        ],
        "16": [
          2,
          3,
          8,
          10,
          11,
          14,
          16,
          18,
          22,
          26
        ],
        "21": [
          21
        ],
        "22": [
          5,
          7,
          9,
          12,
          13,
          19,
          20,
          23,
          27,
          28
        ],
        "24": [
          24
        ],
        "25": [
          0,
          6,
          15,
          17,
          25
        ],
        "28": [
          29
        ]
      }
    }
  ]
}